InsCode,Asset_Name,Industry
32678431934327184,كلوند,كاشي و سراميك
34557241988629814,بركت,مواد و محصولات دارويي
17800036702302776,ثاخت,انبوه سازي، املاك و مستغلات
30719054967088301,تكمبا,ماشين آلات و تجهيزات
23353689102956991,دكوثر,مواد و محصولات دارويي
70289374539527245,ختوقا,خودرو و ساخت قطعات
68635710163497089,همراه,مخابرات
20946530370469828,وليز,ساير واسطه گريهاي مالي
6131290133202745,غمهرا,محصولات غذايي و آشاميدني به جز قند و شكر
32357363984168442,جم,محصولات شيميايي
20562694899904339,شپديس,محصولات شيميايي
32525655729432562,سبهان,سيمان، آهك و گچ
11258722998911897,وسكاب,سرمايه گذاريها
46752599569017089,بترانس,ماشين آلات و دستگاه‌هاي برقي
27729386420118206,وخارزمح,سرمايه گذاريها
39453972158399542,سپاس,صندوق سرمايه گذاري قابل معامله
56550776668133562,دفارا,مواد و محصولات دارويي
32821908911812078,خزر,خودرو و ساخت قطعات
56820995669577571,قلرست,قند و شكر
57639364758870873,كپشير,ساير محصولات كاني غيرفلزي
28450080638096732,سيمرغ,زراعت و خدمات وابسته
57309221039930244,وصنعت,سرمايه گذاريها
30829203706095076,ستران,سيمان، آهك و گچ
2589887561569709,خزاميا,خودرو و ساخت قطعات
10145129193828624,نگين,صندوق سرمايه گذاري قابل معامله
53254637903825194,كيان2,صندوق سرمايه گذاري قابل معامله
70595828753641750,پارند,صندوق سرمايه گذاري قابل معامله
59612098290740355,ثاباد,انبوه سازي، املاك و مستغلات
9536587154100457,وپاسار,بانكها و موسسات اعتباري
44850033148208596,غچين,محصولات غذايي و آشاميدني به جز قند و شكر
66450490505950110,ددام,مواد و محصولات دارويي
18303237082155264,دفرا,مواد و محصولات دارويي
14398278072324784,قهكمت,قند و شكر
28033133021443774,خفنر,خودرو و ساخت قطعات
59217041815333317,خكار,خودرو و ساخت قطعات
27922860956133067,مبين,عرضه برق، گاز، بخاروآب گرم
64217006537761390,وسكرمان,سرمايه گذاريها
27368073055197638,پارس2,محصولات شيميايي
48910360810784246,شغدير2,محصولات شيميايي
38437201078089290,كرماشا,محصولات شيميايي
15521712617204216,سفارس,سيمان، آهك و گچ
67327029014085707,سخزر,سيمان، آهك و گچ
35796086458096255,شيران,محصولات شيميايي
3722699128879020,حتايد,حمل ونقل، انبارداري و ارتباطات
1358190916156744,وآذر,انبوه سازي، املاك و مستغلات
7457232989848872,خمحور,خودرو و ساخت قطعات
43443105991896600,ارزش,صندوق سرمايه گذاري قابل معامله
62235397452612911,دارا يكم,صندوق سرمايه گذاري قابل معامله
50983346180251408,خاتم2,صندوق سرمايه گذاري قابل معامله
1438514795814416,ياقوت,صندوق سرمايه گذاري قابل معامله
45211257392047345,صگل039,استخراج کانه هاي فلزي
42075223783409640,خاذين,خودرو و ساخت قطعات
48010225447410247,وبانك,شرکتهاي چند رشته اي صنعتي
63917421733088077,وتجارت,بانكها و موسسات اعتباري
48990026850202503,خگستر,خودرو و ساخت قطعات
23838634016123354,مرقام,رايانه و فعاليت‌هاي وابسته به آن
44549439964296944,كالا,فعاليتهاي كمكي به نهادهاي مالي واسط
22382156782768756,بكام,ماشين آلات و دستگاه‌هاي برقي
20865316761157979,فاراك,ساخت محصولات فلزي
35425587644337450,فملي,فلزات اساسي
45895339414786358,خرينگ,خودرو و ساخت قطعات
35669480110084448,سپاها,سيمان، آهك و گچ
47377315952751604,بسويچ,ماشين آلات و دستگاه‌هاي برقي
18568733593280948,ثاميد,انبوه سازي، املاك و مستغلات
33420285433308219,زپارس,زراعت و خدمات وابسته
53676607310207533,كگلح2,استخراج کانه هاي فلزي
36293785932444419,واميدح,شرکتهاي چند رشته اي صنعتي
17226661368470120,سپر,صندوق سرمايه گذاري قابل معامله
50100062518826135,دامين,مواد و محصولات دارويي
3623921205367364,كدما,استخراج کانه هاي فلزي
40611478183231802,شدوص,محصولات شيميايي
16405556680571453,كخاك,ساير محصولات كاني غيرفلزي
53113471126689455,چكارن,محصولات كاغذي
52975109254504632,غمارگ,محصولات غذايي و آشاميدني به جز قند و شكر
19471788163911687,كفپارس,ساير محصولات كاني غيرفلزي
46820237871803554,وسهرمز,سرمايه گذاريها
6043384171800349,ثشرق,انبوه سازي، املاك و مستغلات
7745894403636165,شپنا,فراورده هاي نفتي، كك و سوخت هسته اي
48753732042176709,شبريز,فراورده هاي نفتي، كك و سوخت هسته اي
66295665969375744,سبجنو,سيمان، آهك و گچ
6757220448540984,سشمال,سيمان، آهك و گچ
3654864906585643,تكنو,ماشين آلات و تجهيزات
24085906177899789,كترام,كاشي و سراميك
13937270451301973,وبشهر,محصولات غذايي و آشاميدني به جز قند و شكر
62810990108260391,كگلح,استخراج کانه هاي فلزي
22218966388689725,امينح,فعاليتهاي كمكي به نهادهاي مالي واسط
37222720235819361,بذر,صندوق سرمايه گذاري قابل معامله
65249046611427924,فردا,صندوق سرمايه گذاري قابل معامله
778253364357513,وبملت,بانكها و موسسات اعتباري
35700344742885862,كگل,استخراج کانه هاي فلزي
69143674941561637,پترول,محصولات شيميايي
32257753560585502,كحافظ,كاشي و سراميك
43552974795606067,خراسان,محصولات شيميايي
675737110292645,فملي2,فلزات اساسي
655060129740445,اپال,استخراج کانه هاي فلزي
11622051128546106,شپاكسا,محصولات شيميايي
10589770805157298,جم2,محصولات شيميايي
40262275031537922,دروز,مواد و محصولات دارويي
36899214178084525,شفا,مواد و محصولات دارويي
44891482026867833,خساپا,خودرو و ساخت قطعات
7715968593254705,شرق1400,اوراق تامين مالي
61731388465798074,كيش1402,اوراق تامين مالي
37148101999680137,حريل02,اوراق تامين مالي
57395291357606965,كرونا2,اوراق تامين مالي
3453027360500664,شستا003,اوراق تامين مالي
55963441389800122,اخزا713,اوراق تامين مالي
18067743398074470,اخزا716,اوراق تامين مالي
42576718434222894,اخزا720,اوراق تامين مالي
46773487536596471,اخزا721,اوراق تامين مالي
5126621656875241,اخزا722,اوراق تامين مالي
42031056662310763,اخزا723,اوراق تامين مالي
27857905114371789,اخزا804,اوراق تامين مالي
35541297751844500,اخزا805,اوراق تامين مالي
57139694841580593,اخزا806,اوراق تامين مالي
5203880991539408,اخزا807,اوراق تامين مالي
45747858932368314,اخزا808,اوراق تامين مالي
20909901812271390,اخزا809,اوراق تامين مالي
65658464061006386,اخزا810,اوراق تامين مالي
67744724115735698,اخزا811,اوراق تامين مالي
5547896159175454,اخزا812,اوراق تامين مالي
65676208671737936,اخزا813,اوراق تامين مالي
61170189647376533,اخزا814,اوراق تامين مالي
25435625417909263,اخزا815,اوراق تامين مالي
45353549301778828,اخزا816,اوراق تامين مالي
61024703979802025,اخزا817,اوراق تامين مالي
68250192165442911,اخزا818,اوراق تامين مالي
5181039426047414,اخزا819,اوراق تامين مالي
12004613727363965,اخزا820,اوراق تامين مالي
3019817952865782,اخزا821,اوراق تامين مالي
34072858270659593,اخزا901,اوراق تامين مالي
44973596387994711,اخزا902,اوراق تامين مالي
68458335399886534,اخزا903,اوراق تامين مالي
19106496156354497,اخزا904,اوراق تامين مالي
17185906359043494,اخزا905,اوراق تامين مالي
17166179154270422,اخزا906,اوراق تامين مالي
48771123304040433,اخزا907,اوراق تامين مالي
17489918101053443,اخزا908,اوراق تامين مالي
14925348052932291,اخزا909,اوراق تامين مالي
40004156358768554,اخزا910,اوراق تامين مالي
65985619452718369,اخزا911,اوراق تامين مالي
31529165012057847,اخزا914,اوراق تامين مالي
43048496991450781,افاد54,اوراق تامين مالي
60978516449331479,افاد82,اوراق تامين مالي
24371538373380305,اراد33,اوراق تامين مالي
42546700252452484,اراد36,اوراق تامين مالي
17911286507762193,اراد364,اوراق تامين مالي
60344745752588969,اراد424,اوراق تامين مالي
47883592226425713,اراد43,اوراق تامين مالي
57945047632313684,اراد434,اوراق تامين مالي
40348118513018291,اراد50,اوراق تامين مالي
50764174542224726,اراد504,اوراق تامين مالي
27319652872658388,اراد55,اوراق تامين مالي
42911811024354777,اراد61,اوراق تامين مالي
71417521805138182,اراد65,اوراق تامين مالي
66687959964607107,اراد74,اوراق تامين مالي
52689252717790612,اراد744,اوراق تامين مالي
13891373690607361,سلامت6,اوراق تامين مالي
64699417405634265,نطرين,منسوجات
63830424809501048,اپرداز,اطلاعات و ارتباطات
55127657985997520,آريا,محصولات شيميايي
59266699437480384,ارفع,فلزات اساسي
44625249840480397,حآسا,حمل ونقل، انبارداري و ارتباطات
24644999329120295,وملل,بانكها و موسسات اعتباري
17617474823279712,آ س پ,انبوه سازي، املاك و مستغلات
5305844922895340,داوه,مواد و محصولات دارويي
54482686501491508,زبينا,زراعت و خدمات وابسته
66142616039907394,دماوند,عرضه برق، گاز، بخاروآب گرم
68909035712962732,ثباغ,انبوه سازي، املاك و مستغلات
48287670503317419,ولبهمن,ساير واسطه گريهاي مالي
12746730665870442,بهپاك,محصولات غذايي و آشاميدني به جز قند و شكر
51971068201094874,بپاس,بيمه وصندوق بازنشستگي به جزتامين اجتماعي
22275596386264204,كوثر,بيمه وصندوق بازنشستگي به جزتامين اجتماعي
71510396252618330,دبالك,مواد و محصولات دارويي
8646067353086740,بالاس,پيمانكاري صنعتي
39807886630843041,بمپنا,عرضه برق، گاز، بخاروآب گرم
43966385447049549,ودي,بيمه وصندوق بازنشستگي به جزتامين اجتماعي
59866041653103343,نوين,بيمه وصندوق بازنشستگي به جزتامين اجتماعي
41625340598198551,بساما,بيمه وصندوق بازنشستگي به جزتامين اجتماعي
68517032834363488,شبصير,محصولات شيميايي
41122066907413786,چخزر,محصولات چوبي
17939384202383793,ثغرب,انبوه سازي، املاك و مستغلات
1822787329898392,كلر,محصولات شيميايي
64341992373049080,سدبير,سرمايه گذاريها
10114441830266109,گدنا,هتل و رستوران
25180702353416009,زدشت,زراعت و خدمات وابسته
66726992874614788,دتوزيع,مواد و محصولات دارويي
38084304113529336,خديزل,خودرو و ساخت قطعات
39751275523025334,اتكاي,بيمه وصندوق بازنشستگي به جزتامين اجتماعي
36773155987365094,اعتلا,سرمايه گذاريها
5427792638736934,زفكا,زراعت و خدمات وابسته
70498485598181604,هرمز,فلزات اساسي
58741071099161284,فرابورس,فعاليتهاي كمكي به نهادهاي مالي واسط
71290297158948749,زقيام,زراعت و خدمات وابسته
34540569618314880,قاسم,خرده فروشي،باستثناي وسايل نقليه موتوري
71068313834275501,بگيلان,عرضه برق، گاز، بخاروآب گرم
33854964748757477,رنيك,خدمات فني و مهندسي
16410724132711490,غفارس,محصولات غذايي و آشاميدني به جز قند و شكر
45518744711972166,غپآذر,محصولات غذايي و آشاميدني به جز قند و شكر
65018804181564924,گوهران,سرمايه گذاريها
30703140537034664,كگهر,استخراج کانه هاي فلزي
55344005108664033,ضملي7004,فلزات اساسي
66155644912694585,ضجار7037,بانكها و موسسات اعتباري
10928048683681643,ضشنا8003,فراورده هاي نفتي، كك و سوخت هسته اي
58195095004306952,ضفلا3001,فلزات اساسي
35911775835774023,ضسپا3000,خودرو و ساخت قطعات
7589585714770259,ضپاس7030,بانكها و موسسات اعتباري
59665785286890288,ضسپا3004,خودرو و ساخت قطعات
69127380152328925,ضسپا8040,خودرو و ساخت قطعات
3364804725289013,ضپاس7028,بانكها و موسسات اعتباري
14433982748627902,ضخود7076,خودرو و ساخت قطعات
55392947441043081,ضسپا3003,خودرو و ساخت قطعات
2221529235471356,ضفلا3002,فلزات اساسي
66065991340922139,ضجار7038,بانكها و موسسات اعتباري
68318131776429593,ضپال2006,استخراج کانه هاي فلزي
51181184305836580,ضخود7075,خودرو و ساخت قطعات
15253567808512995,ضترا8056,فراورده هاي نفتي، كك و سوخت هسته اي
21487763692496856,ضشنا8004,فراورده هاي نفتي، كك و سوخت هسته اي
36098855714063292,ضبدر3001,فراورده هاي نفتي، كك و سوخت هسته اي
25044429813354280,ضپاس7029,بانكها و موسسات اعتباري
47077325533515854,ضسپا8039,خودرو و ساخت قطعات
37016155512293915,ضپال2007,استخراج کانه هاي فلزي
13159807909493237,هنوري102,محصولات شيميايي
63395132075359459,ضصاد8033,بانكها و موسسات اعتباري
23379626722944205,ضسپا3001,خودرو و ساخت قطعات
67451560685987112,ضملت3001,بانكها و موسسات اعتباري
50195016899950903,ضترا8055,فراورده هاي نفتي، كك و سوخت هسته اي
14621448035797959,ضخود7077,خودرو و ساخت قطعات
37778183352514707,ضفار8047,محصولات شيميايي
30833222394217136,ضشنا8001,فراورده هاي نفتي، كك و سوخت هسته اي
33509834084411590,ضملت3003,بانكها و موسسات اعتباري
67993759446307473,ضغدر3000,شرکتهاي چند رشته اي صنعتي
66824711724213057,ضجار7040,بانكها و موسسات اعتباري
70626195306495731,ضخود7074,خودرو و ساخت قطعات
55063374774131788,ضشنا8002,فراورده هاي نفتي، كك و سوخت هسته اي
24518102867823028,ضخود7078,خودرو و ساخت قطعات
15714543178101561,ضجار7039,بانكها و موسسات اعتباري
21739827748084069,ضشنا8000,فراورده هاي نفتي، كك و سوخت هسته اي
3109622240783020,ضپيك7041,محصولات شيميايي
67275044704648675,ضپيك7039,محصولات شيميايي
28427932055063272,هكوير109,فلزات اساسي
14714724454665020,ضخود7072,خودرو و ساخت قطعات
28651877626222725,ضملي7003,فلزات اساسي
31531924422002864,ضغدر8056,شرکتهاي چند رشته اي صنعتي
47656761093772146,ضسپا8042,خودرو و ساخت قطعات
881871974186190,ضفلا3006,فلزات اساسي
33999993357686605,ضسپا8041,خودرو و ساخت قطعات
12664593697060038,همبين102,عرضه برق، گاز، بخاروآب گرم
57542615669675911,ضفلا3003,فلزات اساسي
61138375569132052,هپارس102,محصولات شيميايي
43188866599177762,ضخود7073,خودرو و ساخت قطعات
4415828309301111,ضصاد8030,بانكها و موسسات اعتباري
15151983009884578,ضسپا3002,خودرو و ساخت قطعات
38719469254848966,ضغدر3002,شرکتهاي چند رشته اي صنعتي
62558926998470335,ضملت8041,بانكها و موسسات اعتباري
38273082946137845,ضغدر3003,شرکتهاي چند رشته اي صنعتي
12368242554230081,ضصاد8038,بانكها و موسسات اعتباري
64441985517247047,ضملت3000,بانكها و موسسات اعتباري
17993036006819673,ضفلا3004,فلزات اساسي
59564600045289487,ضملت3002,بانكها و موسسات اعتباري
31319571038181065,ضترا8057,فراورده هاي نفتي، كك و سوخت هسته اي
36263817190995463,ضصاد8031,بانكها و موسسات اعتباري
39691642384569723,ضخود4003,خودرو و ساخت قطعات
22484465527300213,ضملت8038,بانكها و موسسات اعتباري
34096135285339503,ضصاد3001,بانكها و موسسات اعتباري
8210734740777358,ضبدر3003,فراورده هاي نفتي، كك و سوخت هسته اي
20237556956836583,ضصاد3000,بانكها و موسسات اعتباري
34783600411091459,ضفلا7003,فلزات اساسي
25247997049920089,ضصاد8039,بانكها و موسسات اعتباري
38407001005549158,ضپاس7027,بانكها و موسسات اعتباري
21809651793872657,ضملت8042,بانكها و موسسات اعتباري
12872237992812035,ضملي7005,فلزات اساسي
28683929595428153,ضملي7002,فلزات اساسي
61930566507892254,ضخود4002,خودرو و ساخت قطعات
24864773402823633,ضفلا7002,فلزات اساسي
85752389012333,ضشنا8005,فراورده هاي نفتي، كك و سوخت هسته اي
16133952185388097,ضخود4000,خودرو و ساخت قطعات
56984947117530083,ضبدر3002,فراورده هاي نفتي، كك و سوخت هسته اي
12806851417374457,ضفلا3005,فلزات اساسي
10654052153538617,كابگن  - لغو پذیرش شده,ساير محصولات كاني غيرفلزي
9987529074833218,آبين  - مشمول ماده 36 قانون احکام دائمی برنامه هاي توسعه کشور,زراعت و خدمات وابسته
19367527798307032,فالوم  - لغو پذیرش شده,فلزات اساسي
71957984642204570,شپترو  - لغو پذیرش شده,محصولات شيميايي
38738476064699383,آرمان  - قانون احکام دائمی برنامه های توسعه کشور,بيمه وصندوق بازنشستگي به جزتامين اجتماعي
24212636157410845,وآرين  - قانون احکام دائمی برنامه های توسعه کشور,سرمايه گذاريها
53686258677793038,وارس  - قانون احکام دائمی برنامه های توسعه کشور,واسطه‌گري‌هاي مالي و پولي
68994573424108746,پارتا  - لغو پذیرش شده,لاستيك و پلاستيك
17269972595370241,وآتوس  - قانون احکام دائمی برنامه های توسعه کشور,واسطه‌گري‌هاي مالي و پولي
46830341954511303,وآيند  - قانون احکام دائمی برنامه های توسعه کشور,بانكها و موسسات اعتباري
50368344235826302,لازما  - لغو پذیرش شده,ماشين آلات و تجهيزات
64155926828410021,ساذري  - لغو پذیرش شده,ساير محصولات كاني غيرفلزي
25631699615003698,كهرام  - لغو پذیرش شده,كاشي و سراميك
17933573078185644,آينده  - قانون احکام دائمی برنامه های توسعه کشور,زراعت و خدمات وابسته
49399017998386087,فبيرا  - لغو پذیرش شده,ساخت محصولات فلزي
26882843763780650,باران,بيمه وصندوق بازنشستگي به جزتامين اجتماعي
10843114830116591,نبروج,منسوجات
38179358042686391,سامان  - قانون احکام دائمی برنامه های توسعه کشور,بانكها و موسسات اعتباري
41379697187196382,وشهر  - قانون احکام دائمی برنامه های توسعه کشور,بانكها و موسسات اعتباري
4267564158935326,قيستو  - لغو پذیرش شده,قند و شكر
24807173016704795,سباقر  - قانون احکام دائمی برنامه های توسعه کشور,سيمان، آهك و گچ
40043919653526083,وثخوز  - قانون احکام دائمی برنامه های توسعه کشور,انبوه سازي، املاك و مستغلات
58035444268544991,سمتاز  - قانون احکام دائمی برنامه های توسعه کشور,سيمان، آهك و گچ
831325835570803,ثنام  - قانون احکام دائمی برنامه های توسعه کشور,انبوه سازي، املاك و مستغلات
47702059190622416,ثتوسا  - قانون احکام دائمی برنامه های توسعه کشور,انبوه سازي، املاك و مستغلات
28854105556435129,ثزاگرس  - قانون احکام دائمی برنامه های توسعه کشور,انبوه سازي، املاك و مستغلات
43374709930371268,دحاوي  - قانون احکام دائمی برنامه های توسعه کشور,مواد و محصولات دارويي
42256988946157416,تماوند,فعاليتهاي كمكي به نهادهاي مالي واسط
64707090254488560,ثعتما  - قانون احکام دائمی برنامه های توسعه کشور,انبوه سازي، املاك و مستغلات
60633055620418060,فلات  - قانون احکام دائمی برنامه های توسعه کشور,سرمايه گذاريها
45062188442385800,تفيرو  - لغو پذیرش شده,ماشين آلات و تجهيزات
66514709341259550,فوكا  - لغو پذیرش شده,فلزات اساسي
29316948750916349,پلوله  - لغو پذیرش شده,لاستيك و پلاستيك
64289770858657141,دقاضي  - لغو پذیرش شده,مواد و محصولات دارويي
7920014658832193,وگردش  - لغو پذیرش شده,بانكها و موسسات اعتباري
34621618468546063,ولتجار  - قانون احکام دائمی برنامه های توسعه کشور,واسطه‌گري‌هاي مالي و پولي
5128151910501174,وحافظ  - مشمول ماده 36 قانون احکام دائمی برنامه هاي توسعه کشور,بيمه وصندوق بازنشستگي به جزتامين اجتماعي
54509759694064219,تپكو  - لغو پذیرش شده,ماشين آلات و تجهيزات
12777578088653944,وحكمت  - قانون احکام دائمی برنامه های توسعه کشور,بيمه وصندوق بازنشستگي به جزتامين اجتماعي
60783654574662426,وهنر  - قانون احکام دائمی برنامه های توسعه کشور,فعاليت هاي هنري، سرگرمي و خلاقانه
43913530989262989,سمايه  - لغو پذیرش شده,بانكها و موسسات اعتباري
19310456400689867,خبازرس  - قانون احکام دائمی برنامه های توسعه کشور,فعاليت مهندسي، تجزيه، تحليل و آزمايش فني
36995197800118822,سنوين  - مشمول ماده 36 قانون احکام دائمی برنامه هاي توسعه کشور,سرمايه گذاريها
35369183060321179,ومشان  - قانون احکام دائمی برنامه های توسعه کشور,واسطه‌گري‌هاي مالي و پولي
16315910303613772,خاور  - لغو پذیرش شده,خودرو و ساخت قطعات
62558705479545830,سايرا  - لغو پذیرش شده/ اظهارنظر مردود,ساير محصولات كاني غيرفلزي
23269285154135003,جوين  - قانون احکام دائمی برنامه های توسعه کشور,زراعت و خدمات وابسته
57600064931636077,وجامي  - قانون احکام دائمی برنامه های توسعه کشور,سرمايه گذاريها
23891830829322971,بايكا  - لغو پذیرش شده,ماشين آلات و دستگاه‌هاي برقي
49627523909849331,كفرآور  - قانون احکام دائمی برنامه های توسعه کشور,ساير محصولات كاني غيرفلزي
22956708386610464,خودكفا  - قانون احکام دائمی برنامه های توسعه کشور,محصولات غذايي و آشاميدني به جز قند و شكر
23049019886587905,خفولا  - قانون احکام دائمی برنامه های توسعه کشور,خدمات فني و مهندسي
29527985620948695,خكرمان  - قانون احکام دائمی برنامه های توسعه کشور,خودرو و ساخت قطعات
45641540066710190,لكما  - لغو پذیرش شده,ساخت دستگاه‌ها و وسايل ارتباطي
49953653111442595,كيسون  - مشمول ماده 36 قانون احکام دائمی برنامه هاي توسعه کشور,انبوه سازي، املاك و مستغلات
56006915451245411,لخانه  - لغو پذیرش شده,ماشين آلات و تجهيزات
54263829393913132,كمينا  - قانون احکام دائمی برنامه های توسعه کشور,ساير محصولات كاني غيرفلزي
16553062355259729,بميلا  - قانون احکام دائمی برنامه های توسعه کشور,تجارت عمده فروشي به جز وسايل نقليه موتور
10055255678920880,وملت  - لغو پذیرش شده/عدم اظهارنظر,سرمايه گذاريها
52455922800537930,تكنار  - قانون احکام دائمی برنامه های توسعه کشور,استخراج کانه هاي فلزي
3050342257199174,قنقش  - لغو پذیرش شده/عدم اظهارنظر,قند و شكر
22427604495160869,تمحركه,ماشين آلات و تجهيزات
63315013743060811,ثنور  - قانون احکام دائمی برنامه های توسعه کشور,انبوه سازي، املاك و مستغلات
33736447482634583,غپونه  - قانون احکام دائمی برنامه های توسعه کشور,محصولات غذايي و آشاميدني به جز قند و شكر
15282093177363578,شساخت  - قانون احکام دائمی برنامه های توسعه کشور,استخراج نفت گاز و خدمات جنبي جز اکتشاف
6506179926371994,آريان  - قانون احکام دائمی برنامه های توسعه کشور,سرمايه گذاريها
59342912854668427,فنفت  - قانون احکام دائمی برنامه های توسعه کشور,فلزات اساسي
318005355896147,فسا  - قانون احکام دائمی برنامه های توسعه کشور,محصولات شيميايي
49674915481184052,جهرم  - قانون احکام دائمی برنامه های توسعه کشور,محصولات شيميايي
56574323121551263,شكبير  - قانون احکام دائمی برنامه های توسعه کشور,محصولات شيميايي
52593789542874668,پلاست  - لغو پذیرش شده,لاستيك و پلاستيك
28845264556937486,شپلي  - لغو پذیرش شده/ اظهارنظر مردود,محصولات شيميايي
70391097626818082,گشان  - قانون احکام دائمی برنامه های توسعه کشور,هتل و رستوران
50580753680043015,معيار   - مشمول ماده 36 قانون احکام دائمی برنامه هاي توسعه کشور,سرمايه گذاريها
22950683624908253,نتوس  - لغو پذیرش شده,منسوجات
793710053482057,لپيام  - لغو پذیرش شده,ساخت دستگاه‌ها و وسايل ارتباطي
12901875871456398,ولراز  - قانون احکام دائمی برنامه های توسعه کشور,واسطه‌گري‌هاي مالي و پولي
58180284328186631,خفناور  - لغو پذیرش شده,خودرو و ساخت قطعات
23175320865252772,وسالت  - قانون احکام دائمی برنامه های توسعه کشور,بانكها و موسسات اعتباري
20034264486679145,سجام  - قانون احکام دائمی برنامه های توسعه کشور,سيمان، آهك و گچ
41713045190742691,وسديد  - لغو پذیرش شده,فلزات اساسي
64842837716888827,خكاوه  - لغو پذیرش شده,خودرو و ساخت قطعات
2318736941376687,خصدرا  - لغو پذیرش شده,پيمانكاري صنعتي
61298636307861167,وبرق  - قانون احکام دائمی برنامه های توسعه کشور,سرمايه گذاريها
55959112038778737,سخواف  - قانون احکام دائمی برنامه های توسعه کشور,سيمان، آهك و گچ
7503669593172728,ثاصفا  - لغو پذیرش شده,انبوه سازي، املاك و مستغلات
34721884030854211,سفاسي  - لغو پذیرش شده,ساير محصولات كاني غيرفلزي
40025799067544201,شرنگي  - لغو پذیرش شده,محصولات شيميايي
44052047028305231,پشاهن  - لغو پذیرش شده,لاستيك و پلاستيك
56429431740318486,شلرد  - قانون احکام دائمی برنامه های توسعه کشور,محصولات شيميايي
30507152381699953,ثجوان  - قانون احکام دائمی برنامه های توسعه کشور,انبوه سازي، املاك و مستغلات
24662567615903665,وسنا  - قانون احکام دائمی برنامه های توسعه کشور,واسطه‌گري‌هاي مالي و پولي
44986797317463049,وثنو  - قانون احکام دائمی برنامه های توسعه کشور,واسطه‌گري‌هاي مالي و پولي
51294484197536070,غشوكو  - لغو پذیرش شده,محصولات غذايي و آشاميدني به جز قند و شكر
44802346787824971,ساروج  - قانون احکام دائمی برنامه های توسعه کشور,سيمان، آهك و گچ
43291783149314349,وسرمد  - قانون احکام دائمی برنامه های توسعه کشور,بيمه وصندوق بازنشستگي به جزتامين اجتماعي
36671655475498480,قشرين  - لغو پذیرش شده,قند و شكر
49244604018250364,شجم  - قانون احکام دائمی برنامه های توسعه کشور,محصولات شيميايي
56717416662584054,وكادو  - قانون احکام دائمی برنامه های توسعه کشور,سرمايه گذاريها
66210395067138534,شتولي  - لغو پذیرش شده/عدم اظهارنظر,محصولات شيميايي
2400322364771558,شستا,شرکتهاي چند رشته اي صنعتي
57086055330734195,كرازي,ساير محصولات كاني غيرفلزي
11403770140000603,ولملت,ساير واسطه گريهاي مالي
67988012428906654,دارو,مواد و محصولات دارويي
44153164692325703,شگل,محصولات شيميايي
20024911381434086,دكيمي,مواد و محصولات دارويي
58931793851445922,ومعادن,استخراج کانه هاي فلزي
48619517949257749,غنوش,محصولات غذايي و آشاميدني به جز قند و شكر
49502666250908008,افق,خرده فروشي،باستثناي وسايل نقليه موتوري
52232388263291380,واميد,شرکتهاي چند رشته اي صنعتي
18599703143458101,اميد,فعاليتهاي كمكي به نهادهاي مالي واسط
35158826900216508,غاذر,محصولات غذايي و آشاميدني به جز قند و شكر
43062880954780884,تپمپي,ماشين آلات و تجهيزات
25244329144808274,فارس,محصولات شيميايي
41227201752535311,سفار,سيمان، آهك و گچ
62346804681275278,كگاز,ساير محصولات كاني غيرفلزي
28672095850798501,غسالم,محصولات غذايي و آشاميدني به جز قند و شكر
68203878405672734,صنوين,صندوق سرمايه گذاري قابل معامله
49054891736433700,دعبيد,مواد و محصولات دارويي
57944184894703821,والبر,مواد و محصولات دارويي
48511238766369097,دانا,بيمه وصندوق بازنشستگي به جزتامين اجتماعي
65999092673039059,مداران,رايانه و فعاليت‌هاي وابسته به آن
29247915161590165,دلقما,مواد و محصولات دارويي
4384288570322406,دلر,مواد و محصولات دارويي
46982154647719707,وصنا,سرمايه گذاريها
28809886765682162,حفاري,استخراج نفت گاز و خدمات جنبي جز اکتشاف
69090868458637360,ديران,مواد و محصولات دارويي
9698674686691945,كپارس,كاشي و سراميك
47996917271187218,وكار,بانكها و موسسات اعتباري
66701874099226162,فاسمين,فلزات اساسي
60350996279289099,كاوه,فلزات اساسي
7235435095059069,پكوير,لاستيك و پلاستيك
25286509736208688,فلامي,ساخت محصولات فلزي
3149396562827132,وايران,ساير واسطه گريهاي مالي
34032872653290886,غپاك,محصولات غذايي و آشاميدني به جز قند و شكر
59142194115401696,لوتوس,فعاليتهاي كمكي به نهادهاي مالي واسط
20453828618330936,بنيرو,ماشين آلات و دستگاه‌هاي برقي
55916539620839777,وسگيلا,سرمايه گذاريها
4563413583000719,ساراب,سيمان، آهك و گچ
27218386411183410,سدور,سيمان، آهك و گچ
71856634742001725,سپ,رايانه و فعاليت‌هاي وابسته به آن
30974710508383145,شسينا,محصولات شيميايي
41935584690956944,پتاير,لاستيك و پلاستيك
31366347648583654,ارمغان,صندوق سرمايه گذاري قابل معامله
30650426998863332,لبوتان,ماشين آلات و تجهيزات
29860265627578401,ما,بيمه وصندوق بازنشستگي به جزتامين اجتماعي
61934586397353104,فولاد2,فلزات اساسي
12874072841236826,فسازان,فلزات اساسي
43362635835198978,هاي وب,اطلاعات و ارتباطات
40505767672724777,رانفور,رايانه و فعاليت‌هاي وابسته به آن
65414507129586385,لخزر,ماشين آلات و تجهيزات
24303422207378456,غالبر,محصولات غذايي و آشاميدني به جز قند و شكر
14957056743925737,خلنت,خودرو و ساخت قطعات
19040514831923530,نوري,محصولات شيميايي
32845891587040106,ثنوسا,انبوه سازي، املاك و مستغلات
70934270174405743,شخارك,محصولات شيميايي
12752224677923341,خريخت,خودرو و ساخت قطعات
23293437377896568,تاصيكو,استخراج کانه هاي فلزي
2328862017676109,وسپه,سرمايه گذاريها
67690708346979840,كماسه,استخراج ساير معادن
3823243780502959,رتكو,خدمات فني و مهندسي
34641719089573667,دتماد,مواد و محصولات دارويي
45050389997905274,وسينا,بانكها و موسسات اعتباري
63580313877463104,پاسا,لاستيك و پلاستيك
15039949673085566,پرديس,سرمايه گذاريها
46178280540110577,بفجر,عرضه برق، گاز، بخاروآب گرم
61332057061846617,دابور,مواد و محصولات دارويي
46348559193224090,فولاد,فلزات اساسي
40411537531154482,قصفها,قند و شكر
63380098535169030,قنيشا,قند و شكر
31024260997481994,غگرجي,محصولات غذايي و آشاميدني به جز قند و شكر
5454781314262062,وسخوز,سرمايه گذاريها
58358543014279572,وسلرستا,سرمايه گذاريها
21772258644715569,شغدير,محصولات شيميايي
61102694810476197,شپارس,محصولات شيميايي
18027801615184692,كچاد,استخراج کانه هاي فلزي
60451823714332895,دالبر,مواد و محصولات دارويي
12387472624849835,داسوه,مواد و محصولات دارويي
22299894048845903,غگل,محصولات غذايي و آشاميدني به جز قند و شكر
35424116338766901,حفارس,حمل ونقل، انبارداري و ارتباطات
47841327496247362,واعتبار,سرمايه گذاريها
30765727085936322,فجام,ساخت محصولات فلزي
43545527030854340,كوير,فلزات اساسي
5054819322815158,زمگسا,زراعت و خدمات وابسته
23837844039713715,كفرا,ساير محصولات كاني غيرفلزي
49353447565507376,كاذر,ساير محصولات كاني غيرفلزي
7711282667602555,شاراك,محصولات شيميايي
70474983732269112,دپارس,مواد و محصولات دارويي
59486059679335017,وپترو,محصولات شيميايي
57722642338781674,پلاسك,لاستيك و پلاستيك
60654872678917533,سقاين,سيمان، آهك و گچ
10120557300120078,پسهند,لاستيك و پلاستيك
14231831499205396,سنير,سيمان، آهك و گچ
18865325633315847,خاتم,صندوق سرمايه گذاري قابل معامله
53419976284977130,تصميم,صندوق سرمايه گذاري قابل معامله
41286608288791633,وبازار,صندوق سرمايه گذاري قابل معامله
22255783119783047,درازك,مواد و محصولات دارويي
22095803731225621,تيپيكو2,مواد و محصولات دارويي
44967158778304588,قثابت,قند و شكر
42599305106713939,زكوثر,زراعت و خدمات وابسته
25215182208950217,وهور,عرضه برق، گاز، بخاروآب گرم
917857106093847,حپارسا,حمل ونقل، انبارداري و ارتباطات
5564768007356822,حريل,حمل ونقل، انبارداري و ارتباطات
52382684379473036,دكپسول,مواد و محصولات دارويي
46741025610365786,سمگا,هتل و رستوران
15917865009187760,ماديرا,توليد محصولات كامپيوتري الكترونيكي ونوري
43951910415124966,وگستر,سرمايه گذاريها
31078457170311964,ولشرق,واسطه‌گري‌هاي مالي و پولي
8725363201030474,فگستر,فلزات اساسي
33629260529503413,بجهرم,عرضه برق، گاز، بخاروآب گرم
7628308021169118,بكهنوج,عرضه برق، گاز، بخاروآب گرم
4247709727327181,مفاخر,رايانه و فعاليت‌هاي وابسته به آن
62977319271289925,كي بي سي,مواد و محصولات دارويي
64973252728260903,وكبهمن,سرمايه گذاريها
24018878640527909,ميدكو,فلزات اساسي
28253678449273505,حخزر,حمل و نقل آبي
50002340308486819,تاپكيش,رايانه و فعاليت‌هاي وابسته به آن
50792786683910016,كرمان,انبوه سازي، املاك و مستغلات
42690477960659940,كشرق,استخراج زغال سنگ
28431095903407567,كاسپين,مواد و محصولات دارويي
27814844870305607,كيميا,فلزات اساسي
43716452378323683,فزرين,فلزات اساسي
4507558419857064,زماهان,زراعت و خدمات وابسته
14916489896692147,زملارد,زراعت و خدمات وابسته
58964593134314938,ومهان,سرمايه گذاريها
5599691633622269,بخاور,بيمه وصندوق بازنشستگي به جزتامين اجتماعي
5516102131364383,غمينو,محصولات غذايي و آشاميدني به جز قند و شكر
69847139870135237,اوان,اطلاعات و ارتباطات
6847536925606808,ومعلم,بيمه وصندوق بازنشستگي به جزتامين اجتماعي
53999651992586159,ثپرديس,انبوه سازي، املاك و مستغلات
50633804639547462,كمرجان,ساير محصولات كاني غيرفلزي
44013656953678055,شرانل,فراورده هاي نفتي، كك و سوخت هسته اي
35178706978554988,شپاس,فراورده هاي نفتي، كك و سوخت هسته اي
29078901176440068,شپاس2,فراورده هاي نفتي، كك و سوخت هسته اي
24452841359219021,شپاس4,فراورده هاي نفتي، كك و سوخت هسته اي
15726796686853780,ثعمرا,انبوه سازي، املاك و مستغلات
57300230097485720,غگيلا,محصولات غذايي و آشاميدني به جز قند و شكر
64843936383937546,غگلستا,محصولات غذايي و آشاميدني به جز قند و شكر
14312030900097668,غگلپا,محصولات غذايي و آشاميدني به جز قند و شكر
64619251116188373,بپيوند,عرضه برق، گاز، بخاروآب گرم
24785665268004766,وپويا,سرمايه گذاريها
3492952121304423,غديس,محصولات غذايي و آشاميدني به جز قند و شكر
66599109405217136,گكوثر,هتل و رستوران
12638840758449459,پخش,مواد و محصولات دارويي
53449700212786324,مارون,محصولات شيميايي
20926459161497908,ثتران,انبوه سازي، املاك و مستغلات
60247433951600827,شاوان,فراورده هاي نفتي، كك و سوخت هسته اي
33683240001985963,شراز,فراورده هاي نفتي، كك و سوخت هسته اي
13235547361447092,زاگرس,محصولات شيميايي
39439962587669459,زاگرس2,محصولات شيميايي
13243992182070788,درهآور,مواد و محصولات دارويي
6478064539164167,ريشمك,مواد و محصولات دارويي
68941822863885255,رافزا,رايانه و فعاليت‌هاي وابسته به آن
26547785441834730,زشريف,زراعت و خدمات وابسته
32347247706508046,ساوه,سيمان، آهك و گچ
114312662654155,وسپهر,سرمايه گذاريها
35948133957468680,سرچشمه,سرمايه گذاريها
611986653700161,سبزوا,سيمان، آهك و گچ
204092872752957,شصدف,محصولات شيميايي
33611155027418901,غشهداب,محصولات غذايي و آشاميدني به جز قند و شكر
16693610252404739,ثالوند,انبوه سازي، املاك و مستغلات
1625149423498289,حسينا,حمل ونقل، انبارداري و ارتباطات
43283802997035462,وسبحان,سرمايه گذاريها
29590002988360984,سپيدار,رايانه و فعاليت‌هاي وابسته به آن
45392752356003555,صبا,سرمايه گذاريها
64298008532791199,ساينا,محصولات شيميايي
22941065011246116,كپرور,استخراج زغال سنگ
53204330224889981,تبرك,محصولات غذايي و آشاميدني به جز قند و شكر
46772701938567445,اتكام,بيمه وصندوق بازنشستگي به جزتامين اجتماعي
41781090739318251,تليسه,زراعت و خدمات وابسته
54493234408301135,بنو,بيمه وصندوق بازنشستگي به جزتامين اجتماعي
37389789764168256,توريل,حمل ونقل، انبارداري و ارتباطات
28291104595448527,كزغال,استخراج زغال سنگ
5987841496184505,شگويا,محصولات شيميايي
38555056423456635,شتوكا,محصولات شيميايي
65671173927025645,كتوكا,ساير محصولات كاني غيرفلزي
3407806799514469,شاروم,محصولات شيميايي
37842793167868642,غويتا,محصولات غذايي و آشاميدني به جز قند و شكر
32784604551756178,پيزد,لاستيك و پلاستيك
29882244560576007,بزاگرس,عرضه برق، گاز، بخاروآب گرم
26259366519412975,زشگزا,زراعت و خدمات وابسته
18883380772506226,ثرود,انبوه سازي، املاك و مستغلات
9211775239375291,ذوب,فلزات اساسي
53892173815383358,تملي702,اوراق حق تقدم استفاده از تسهيلات مسكن
32982652838367432,تملي704,اوراق حق تقدم استفاده از تسهيلات مسكن
3826561665587230,تملي706,اوراق حق تقدم استفاده از تسهيلات مسكن
61506473958237003,تملي707,اوراق حق تقدم استفاده از تسهيلات مسكن
48043180063638654,تملي709,اوراق حق تقدم استفاده از تسهيلات مسكن
1200391996585610,تملي710,اوراق حق تقدم استفاده از تسهيلات مسكن
43319345548600453,تملي802,اوراق حق تقدم استفاده از تسهيلات مسكن
1778142796834142,تملي803,اوراق حق تقدم استفاده از تسهيلات مسكن
26622634572348721,تملي804,اوراق حق تقدم استفاده از تسهيلات مسكن
50689220001642146,تملي805,اوراق حق تقدم استفاده از تسهيلات مسكن
28533890681853700,تملي806,اوراق حق تقدم استفاده از تسهيلات مسكن
53866595272348310,تملي807,اوراق حق تقدم استفاده از تسهيلات مسكن
4312836939310355,تملي809,اوراق حق تقدم استفاده از تسهيلات مسكن
7863570390410066,تسه0001,اوراق حق تقدم استفاده از تسهيلات مسكن
8905255747609110,تسه0002,اوراق حق تقدم استفاده از تسهيلات مسكن
1831214548277647,تسه9803,اوراق حق تقدم استفاده از تسهيلات مسكن
66017397299787592,تسه9804,اوراق حق تقدم استفاده از تسهيلات مسكن
59800986739603675,شسم  - لغو پذیرش شده/عدم اظهار نظر,محصولات شيميايي
27361263980884014,وتعاون  - قانون احکام دائمی برنامه های توسعه کشور,بيمه وصندوق بازنشستگي به جزتامين اجتماعي
17284166795866794,واحيا  - قانون احکام دائمی برنامه های توسعه کشور,واسطه‌گري‌هاي مالي و پولي
9141577977527107,وايرا  - قانون احکام دائمی برنامه های توسعه کشور,سرمايه گذاريها
66830065858417081,ولانا  - قانون احکام دائمی برنامه های توسعه کشور,واسطه‌گري‌هاي مالي و پولي
59839275647597021,وثوق  - قانون احکام دائمی برنامه های توسعه کشور,واسطه‌گري‌هاي مالي و پولي
12303918642491681,زنجان  - قانون احکام دائمی برنامه های توسعه کشور,محصولات شيميايي
30731456862279964,تماوندح,فعاليتهاي كمكي به نهادهاي مالي واسط
48140614033470684,سباقر4  - قانون احکام دائمی برنامه های توسعه کشور,سيمان، آهك و گچ
27668158733246204,سپرمي  - لغو پذیرش شده/اظهارنظر مردود,ساير محصولات كاني غيرفلزي
48241092863917835,ولپارس,ساير واسطه گريهاي مالي
22086876724551482,بموتو,ماشين آلات و دستگاه‌هاي برقي
25336820825905643,ونيكي,شرکتهاي چند رشته اي صنعتي
62786156501584862,پاكشو,محصولات شيميايي
23441366113375722,پارسان,محصولات شيميايي
65122215875355555,شفن,محصولات شيميايي
7385624172574740,ورنا,خودرو و ساخت قطعات
34890845654517313,ساربيل,سيمان، آهك و گچ
15949743338644220,ساروم,سيمان، آهك و گچ
17528249960294496,وتوسم,سرمايه گذاريها
58873907630765023,امين,فعاليتهاي كمكي به نهادهاي مالي واسط
5920319552619760,كپشيرح,ساير محصولات كاني غيرفلزي
53251602435454519,كيان,صندوق سرمايه گذاري قابل معامله
51106317433079213,آسيا,بيمه وصندوق بازنشستگي به جزتامين اجتماعي
49641108336531623,انرژي3,فعاليتهاي كمكي به نهادهاي مالي واسط
4733285133017464,فخاس,فلزات اساسي
7395271748414592,وخارزم,سرمايه گذاريها
28957320033282870,چكاپا,محصولات كاغذي
5155287013753993,ومعادن2,استخراج کانه هاي فلزي
50341528161302545,كمنگنز,استخراج کانه هاي فلزي
17834623106317041,خنصير,خودرو و ساخت قطعات
56324206651661881,فنورد,فلزات اساسي
42387718866026650,غبشهر,محصولات غذايي و آشاميدني به جز قند و شكر
10568944722570445,سصفها,سيمان، آهك و گچ
20487994977117557,غشهد,محصولات غذايي و آشاميدني به جز قند و شكر
47749661205825616,سيستم,رايانه و فعاليت‌هاي وابسته به آن
19298748452450329,تايرا,ماشين آلات و تجهيزات
66240430785255272,ومعادنح,استخراج کانه هاي فلزي
66036975502302203,فيروزه,صندوق سرمايه گذاري قابل معامله
10795723506538053,فيروزا,صندوق سرمايه گذاري قابل معامله
67675656072510693,پالايش,صندوق سرمايه گذاري قابل معامله
64942549055019553,سرو,صندوق سرمايه گذاري قابل معامله
29884261753438378,ياقوت2,صندوق سرمايه گذاري قابل معامله
34757379158309424,صايپا2032,خودرو و ساخت قطعات
11773403764702778,وبيمه,سرمايه گذاريها
22087269603540841,وپست,بانكها و موسسات اعتباري
41302553376174581,فجر,فلزات اساسي
54419429862704331,فروس,فلزات اساسي
48623320733330408,فلوله,فلزات اساسي
67126881188552864,رمپنا,خدمات فني و مهندسي
37661500521100963,آبادا,عرضه برق، گاز، بخاروآب گرم
22560050433388046,تاپيكو,محصولات شيميايي
49188729526980541,شسپا,فراورده هاي نفتي، كك و سوخت هسته اي
10171945867136336,سيتا,سيمان، آهك و گچ
15472396110662150,سكرما,سيمان، آهك و گچ
65321970913593427,سكرد,سيمان، آهك و گچ
26997316501080743,سشرق,سيمان، آهك و گچ
19329344981290932,كارين2,صندوق سرمايه گذاري قابل معامله
15451317146134956,افق ملت,صندوق سرمايه گذاري قابل معامله
16959429956899455,شاملا,محصولات شيميايي
63363116407864462,لابسا,ماشين آلات و تجهيزات
23214828924506640,پكرمان,لاستيك و پلاستيك
14744445176220774,ثبهساز,انبوه سازي، املاك و مستغلات
33783140337377394,خچرخش,خودرو و ساخت قطعات
33603212156438463,دشيمي,مواد و محصولات دارويي
15259343650667588,قزوين,قند و شكر
41796741644273824,وملي,دباغي، پرداخت چرم و ساخت انواع پاپوش
65883838195688438,خودرو,خودرو و ساخت قطعات
19257295292088310,خكمك,خودرو و ساخت قطعات
41974758296041288,سخوز,سيمان، آهك و گچ
30231789123900526,نمرينو,منسوجات
3863538898378476,ثمسكن,انبوه سازي، املاك و مستغلات
57875847776839336,فنوال,فلزات اساسي
47302318535715632,ونوين,بانكها و موسسات اعتباري
30852391633490755,ثفارس,انبوه سازي، املاك و مستغلات
65774725600261203,وساشرقي,سرمايه گذاريها
5187018329202415,لپارس,ساخت دستگاه‌ها و وسايل ارتباطي
51617145873056483,شتران,فراورده هاي نفتي، كك و سوخت هسته اي
8977441217024425,فسپا,فلزات اساسي
4528607775462304,سفانو,سيمان، آهك و گچ
31791737198597563,غشان,محصولات غذايي و آشاميدني به جز قند و شكر
61506294208022391,غشصفا,محصولات غذايي و آشاميدني به جز قند و شكر
55897939403232751,لسرما,ماشين آلات و تجهيزات
37614886280396031,وساپا,سرمايه گذاريها
2944500421562364,وتوصا,سرمايه گذاريها
16056283141617755,كارين,صندوق سرمايه گذاري قابل معامله
18004480270695404,فمراد,فلزات اساسي
33541897671561960,واتي,سرمايه گذاريها
33293588228706998,وپارس,بانكها و موسسات اعتباري
8915450910866216,دزهراوي,مواد و محصولات دارويي
40808043719554948,فولاژ,فلزات اساسي
64358061873294912,چفيبر,محصولات چوبي
37631109616997982,قشهد,قند و شكر
22260326095996531,حتوكا,حمل ونقل، انبارداري و ارتباطات
9481703061634967,پارسيان,بيمه وصندوق بازنشستگي به جزتامين اجتماعي
69454539056549106,بشهاب,ماشين آلات و دستگاه‌هاي برقي
23086515493897579,ولغدر,ساير واسطه گريهاي مالي
22318795784160675,وسهمدا,سرمايه گذاريها
38568786927478796,شيراز,محصولات شيميايي
4470657233334072,سخاش,سيمان، آهك و گچ
4942127026063388,كاما,استخراج کانه هاي فلزي
26824673819862694,خبهمن,خودرو و ساخت قطعات
50247622569476338,بوعلي,محصولات شيميايي
60523145697836739,بورس,فعاليتهاي كمكي به نهادهاي مالي واسط
28320293733348826,وبصادر,بانكها و موسسات اعتباري
27308217070238237,شكربن,محصولات شيميايي
11432067920374603,دسينا,مواد و محصولات دارويي
43622578471330344,دسبحا,مواد و محصولات دارويي
29758477602878557,تيپيكو,مواد و محصولات دارويي
39116664428676213,شلعاب,محصولات شيميايي
6710089299473179,تسه9805,اوراق حق تقدم استفاده از تسهيلات مسكن
19422860143693289,تسه9806,اوراق حق تقدم استفاده از تسهيلات مسكن
38436612777305077,تسه9807,اوراق حق تقدم استفاده از تسهيلات مسكن
12089903491411130,تسه9808,اوراق حق تقدم استفاده از تسهيلات مسكن
52011547716040734,تسه9809,اوراق حق تقدم استفاده از تسهيلات مسكن
52699075188861283,تسه9810,اوراق حق تقدم استفاده از تسهيلات مسكن
3370493881245014,تسه9811,اوراق حق تقدم استفاده از تسهيلات مسكن
40907790180697910,تسه9812,اوراق حق تقدم استفاده از تسهيلات مسكن
68404094821755424,تسه9901,اوراق حق تقدم استفاده از تسهيلات مسكن
16406868012951979,تسه9902,اوراق حق تقدم استفاده از تسهيلات مسكن
40118769556907353,تسه9903,اوراق حق تقدم استفاده از تسهيلات مسكن
32051979696170482,تسه9904,اوراق حق تقدم استفاده از تسهيلات مسكن
49856142659693686,تسه9905,اوراق حق تقدم استفاده از تسهيلات مسكن
14027767200567014,تسه9906,اوراق حق تقدم استفاده از تسهيلات مسكن
43700005955291201,تسه9907,اوراق حق تقدم استفاده از تسهيلات مسكن
4901886287361309,تسه9908,اوراق حق تقدم استفاده از تسهيلات مسكن
12950089213578221,تسه9909,اوراق حق تقدم استفاده از تسهيلات مسكن
69882333653254165,تسه9910,اوراق حق تقدم استفاده از تسهيلات مسكن
33407851615887009,تسه9911,اوراق حق تقدم استفاده از تسهيلات مسكن
16164451491521441,تسه9912,اوراق حق تقدم استفاده از تسهيلات مسكن
67491163253346186,شصدفح,محصولات شيميايي
18007109712724189,آوا,صندوق سرمايه گذاري قابل معامله
57761388729898548,اوصتا,صندوق سرمايه گذاري قابل معامله
42927746927909254,اوصتا2,صندوق سرمايه گذاري قابل معامله
36592972482259020,آسام,صندوق سرمايه گذاري قابل معامله
71672399601682259,ثروتم,صندوق سرمايه گذاري قابل معامله
48338436353640514,ثروتم2,صندوق سرمايه گذاري قابل معامله
62012736978844991,دارا,صندوق سرمايه گذاري قابل معامله
71076372178147339,داريك,صندوق سرمايه گذاري قابل معامله
66818022341772870,اعتماد,صندوق سرمايه گذاري قابل معامله
13666407494621646,فراز,صندوق سرمايه گذاري قابل معامله
30282299500988269,آكورد,صندوق سرمايه گذاري قابل معامله
61218005473404311,آكورد2,صندوق سرمايه گذاري قابل معامله
36949187283827105,آكورد4,صندوق سرمايه گذاري قابل معامله
57728534324022361,گنجين,صندوق سرمايه گذاري قابل معامله
24869832924911721,آساميد,صندوق سرمايه گذاري قابل معامله
47101579271117172,دمعيار,صندوق سرمايه گذاري قابل معامله
65576885779918210,مدير,صندوق سرمايه گذاري قابل معامله
33887145736684266,آگاس,صندوق سرمايه گذاري قابل معامله
28788598290160782,الماس,صندوق سرمايه گذاري قابل معامله
11427939669935844,اطلس,صندوق سرمايه گذاري قابل معامله
2161110547458064,سپيدما,صندوق سرمايه گذاري قابل معامله
45205530868811305,صايند,صندوق سرمايه گذاري قابل معامله
22839330962768817,آتيمس,صندوق سرمايه گذاري قابل معامله
66682662312253625,آساس,صندوق سرمايه گذاري قابل معامله
69067576215760005,كاريس,صندوق سرمايه گذاري قابل معامله
59598536122397373,سخند,صندوق سرمايه گذاري قابل معامله
50139638026536387,زرين,صندوق سرمايه گذاري قابل معامله
57273529732791251,خموتور,خودرو و ساخت قطعات
22667016906590506,شبهرن,فراورده هاي نفتي، كك و سوخت هسته اي
23936607891892333,چافست,انتشار، چاپ و تکثير
35366681030756042,شبندر,فراورده هاي نفتي، كك و سوخت هسته اي
20560887114747719,كسرام,ساير محصولات كاني غيرفلزي
22787503301679573,كروي,استخراج کانه هاي فلزي
22903901709044823,ختراك,خودرو و ساخت قطعات
63481599728522324,ثشاهد,انبوه سازي، املاك و مستغلات
35964395659427029,قشكر,قند و شكر
67206358287598044,كهمدا,ساير محصولات كاني غيرفلزي
33808206014018431,سمازن,سيمان، آهك و گچ
68488673556087148,فپنتا,فلزات اساسي
11964419322927535,سرود,سيمان، آهك و گچ
47232550823972469,وتوكا,فلزات اساسي
36667862403660976,دسبحانح,مواد و محصولات دارويي
65004959184388996,فايرا,فلزات اساسي
55254206302462116,آپ,رايانه و فعاليت‌هاي وابسته به آن
17059960254855208,غبهنوش,محصولات غذايي و آشاميدني به جز قند و شكر
37281199178613855,سيدكو,سيمان، آهك و گچ
7183333492448248,وپخش,مواد و محصولات دارويي
5866848234665627,دسبحان,مواد و محصولات دارويي
408934423224097,فرآور,فلزات اساسي
39610074039667804,قرن,محصولات شيميايي
49373621277888271,وغدير2,شرکتهاي چند رشته اي صنعتي
27096851668435724,جم پيلن,محصولات شيميايي
62952165421099192,بالبر,ماشين آلات و دستگاه‌هاي برقي
18401147983387689,غپينو,محصولات غذايي و آشاميدني به جز قند و شكر
33892797747624170,ونوين2,بانكها و موسسات اعتباري
50185721305191887,ختور,خودرو و ساخت قطعات
45174198424472334,ولساپا,ساير واسطه گريهاي مالي
34673681828119297,فاما,ساخت محصولات فلزي
37204371816016200,وصندوق,شرکتهاي چند رشته اي صنعتي
41284516796232939,سهگمت,سيمان، آهك و گچ
59921975187856916,غشاذر,محصولات غذايي و آشاميدني به جز قند و شكر
8977369674477111,كطبس,استخراج زغال سنگ
11129387075131725,تملت,فعاليتهاي كمكي به نهادهاي مالي واسط
3846143218462419,افران,صندوق سرمايه گذاري قابل معامله
3622735179834649,امين يكم2,صندوق سرمايه گذاري قابل معامله
12277500298791438,فردا2,صندوق سرمايه گذاري قابل معامله
34718633636164421,كمند,صندوق سرمايه گذاري قابل معامله
43256212620530446,كبافق,استخراج کانه هاي فلزي
28328710198554144,وبوعلي,سرمايه گذاريها
33406621820337161,دجابر,مواد و محصولات دارويي
28864540805361867,فخوز,فلزات اساسي
26014913469567886,وغدير,شرکتهاي چند رشته اي صنعتي
62258804563636993,تكشا,ماشين آلات و تجهيزات
33931218652865616,ونفت,فراورده هاي نفتي، كك و سوخت هسته اي
14073782708315535,شنفت,فراورده هاي نفتي، كك و سوخت هسته اي
23719082605583820,شاراك2,محصولات شيميايي
6110133418282108,پارس,محصولات شيميايي
25514780181345713,وساخت,انبوه سازي، املاك و مستغلات
52220424531578944,سغرب,سيمان، آهك و گچ
3493306453706327,شوينده,محصولات شيميايي
28325731560106431,كساپا,ساير محصولات كاني غيرفلزي
13227300125161435,سصوفي,سيمان، آهك و گچ
68117765376081366,وتوس,انبوه سازي، املاك و مستغلات
4369934250728330,غزر,محصولات غذايي و آشاميدني به جز قند و شكر
25752723009842207,ديرانح,مواد و محصولات دارويي
40601326015230157,صخابر102,مخابرات
4614779520007780,كسرا,ساير محصولات كاني غيرفلزي
70270965300262393,البرز,بيمه وصندوق بازنشستگي به جزتامين اجتماعي
47333458678352378,وخاور,بانكها و موسسات اعتباري
70219663893822560,بكاب,ماشين آلات و دستگاه‌هاي برقي
2254054929817435,غدام,محصولات غذايي و آشاميدني به جز قند و شكر
62404730109947970,غكورش,محصولات غذايي و آشاميدني به جز قند و شكر
60610861509165508,حكشتي,حمل ونقل، انبارداري و ارتباطات
71744682148776880,ولصنم,ساير واسطه گريهاي مالي
51185499879934793,وسرضوي,سرمايه گذاريها
59607545337891226,پرداخت,رايانه و فعاليت‌هاي وابسته به آن
18063426072758458,وبهمن,سرمايه گذاريها
64701620739344512,افران2,صندوق سرمايه گذاري قابل معامله
45728383369147894,امين يكم,صندوق سرمايه گذاري قابل معامله
65023851436340574,كاردان,صندوق سرمايه گذاري قابل معامله
